Title,Total Gross,Theatres,Opening Gross,Opening Theatres,Production Budget,Opening/theater,YouTube Trailer Views,RottenTomatoes,YouTube Like,YouTube Dislike,YouTube Like:Dislike,Reddit UpVotes,Profitable Y/N,Distributor,Sequel Y/N,Reddit Ratio,Reddit Comments,Genre
Star Wars: The Force Awakens,"936,662,225.00",4134.0,"247,966,675.00","4,134","245,000,000.00",59982.3,95637425.0,,676939.0,20252.0,33.4,5400,Yes,,,0.82,396,
Jurassic World,"652,270,625.00",4291.0,"208,806,270.00","4,274","150,000,000.00",48855.0,82238859.0,,309496.0,15735.0,19.7,4796,Yes,,,0.84,393,
Avengers: Age of Ultron,"459,005,868.00",4276.0,"191,271,109.00","4,276","250,000,000.00",44731.3,79830731.0,,515620.0,11312.0,45.6,4438,Yes,,,0.83,388,
Inside Out,"356,461,711.00",4158.0,"90,440,272.00","3,946","175,000,000.00",22919.5,16418735.0,,45646.0,2002.0,22.8,3658,Yes,,,0.86,350,
Furious 7,"353,007,020.00",4022.0,"147,187,040.00","4,004","190,000,000.00",36760.0,67089895.0,,323755.0,9617.0,33.7,3064,Yes,,,0.82,359,
Minions,"336,045,770.00",4311.0,"115,718,405.00","4,301","74,000,000.00",26905.0,27990354.0,,75417.0,4057.0,18.6,139,Yes,,,0.8,52,
The Hunger Games: Mockingjay - Part 2,"281,723,902.00",4175.0,"102,665,981.00","4,175","160,000,000.00",24590.7,20916846.0,,137343.0,3875.0,35.4,1095,Yes,,,0.81,246,
The Martian,"228,433,663.00",3854.0,"54,308,575.00","3,831","108,000,000.00",14176.1,13967162.0,,41163.0,1312.0,31.4,7424,Yes,,,0.91,357,
Spectre,"200,074,609.00",3929.0,"70,403,148.00","3,929","245,000,000.00",17918.8,13519726.0,,28888.0,1303.0,22.2,5150,No,,,0.9,370,
Mission: Impossible - Rogue Nation,"195,042,377.00",3988.0,"55,520,089.00","3,956","150,000,000.00",14034.4,12206339.0,,28291.0,1121.0,25.2,3718,Yes,,,0.83,364,
Pitch Perfect 2,"184,296,230.00",3660.0,"69,216,890.00","3,473","29,000,000.00",19930.0,26177371.0,,142671.0,4731.0,30.2,2087,Yes,,,0.75,296,
The Revenant,"183,637,894.00",3711.0,"474,560.00",4,"135,000,000.00",118640.0,20182496.0,,48005.0,1478.0,32.5,5711,Yes,,,0.89,379,
Ant-Man,"180,202,163.00",3868.0,"57,225,526.00","3,856","130,000,000.00",14840.6,22275606.0,,99986.0,3925.0,25.5,4588,Yes,,,0.86,368,
Fifty Shades of Grey,"166,167,230.00",3655.0,"85,171,450.00","3,646","40,000,000.00",23360.2,81655642.0,,219176.0,33108.0,6.6,0,Yes,,,0.5,10,
The Spongebob Movie: Sponge Out of Water,"162,994,032.00",3680.0,"55,365,012.00","3,641","74,000,000.00",15206.0,6163350.0,,30249.0,2002.0,15.1,167,Yes,,,0.82,111,
Straight Outta Compton,"161,197,785.00",3142.0,"60,200,180.00","2,757","28,000,000.00",21835.4,6403210.0,,19005.0,454.0,41.9,3613,Yes,,,0.85,310,
San Andreas,"155,190,832.00",3812.0,"54,588,173.00","3,777","110,000,000.00",14452.8,14347550.0,,39138.0,2410.0,16.0,408,Yes,,,0.79,247,
Mad Max: Fury Road,"153,636,354.00",3722.0,"45,428,128.00","3,702","150,000,000.00",12271.2,24245844.0,,78946.0,4314.0,18.3,4930,Yes,,,0.91,357,
Kingsman: The Secret Service,"128,261,724.00",3282.0,"36,206,331.00","3,204","81,000,000.00",11300.4,13687090.0,,37234.0,1313.0,28.4,487,Yes,,,0.9,113,
Get Hard,"90,411,453.00",3212.0,"33,803,253.00","3,175","40,000,000.00",10646.7,11720049.0,,28913.0,1567.0,18.4,309,Yes,,,0.83,117,
Terminator: Genisys,"89,760,956.00",3783.0,"27,018,486.00","3,758","155,000,000.00",7189.6,28043117.0,,88580.0,10209.0,8.7,3872,No,,,0.85,384,
Taken 3,"89,256,424.00",3594.0,"39,201,657.00","3,594","48,000,000.00",10907.5,14884016.0,,52674.0,1613.0,32.7,2377,Yes,,,0.87,329,
Ted 2,"81,476,385.00",3448.0,"33,507,870.00","3,442","68,000,000.00",9735.0,29623266.0,,132821.0,7163.0,18.5,2299,Yes,,,0.77,285,
Pixels,"78,747,585.00",3723.0,"24,011,616.00","3,723","88,000,000.00",6449.5,20401096.0,,88188.0,13087.0,6.7,2381,No,,,0.79,336,
Rock The Kasbah,"3,000,000.00",,,,"15,000,000.00",,1714374.0,,4980.0,506.0,,27,,,,0.74,12,
The Gunman,"13,600,000.00",,,,"40,000,000.00",,4126560.0,,4937.0,439.0,,79,,,,0.84,97,
Blackhat,"70,000,000.00",,,,"19,600,000.00",,2745075.0,,3084.0,356.0,,129,,,,0.87,161,
Unfinished Business,"14,400,000.00",,,,"35,000,000.00",,3061752.0,,2933.0,252.0,,20,,,,0.84,15,
Jem & The Holograms,"2,300,000.00",,,,"5,000,000.00",,1959007.0,,11927.0,16858.0,,3,,,,0.67,10,
Self/Less,"26,000,000.00",,,,"26,000,000.00",,6339273.0,,17182.0,430.0,,1354,,,,0.93,197,
American Ultra,"14,434,604.00",2778.0,"5,454,284.00",2778,"28,000,000.00",,5068797.0,,23267.0,857.0,,4171,,,,0.84,356,
We Are Your Friends,"3,600,000.00",,,,"6,000,000.00",,14487474.0,,62729.0,8195.0,,0,,,,0.41,3,
Aloha,"26,300,000.00",,,,"37,000,000.00",,9159049.0,,20553.0,1399.0,,251,,,,0.89,144,
Mortdecai,"47,300,000.00",,,,"60,000,000.00",,4172804.0,,8596.0,469.0,,94,,,,0.8,36,
Child 44,"13,000,000.00",,,,"50,000,000.00",,4804845.0,,10881.0,750.0,,97,,,,0.88,70,
Hot Tub Time Machine 2,"13,100,000.00",,,,"14,000,000.00",,2592191.0,,6207.0,384.0,,1100,,,,0.86,228,
In the Heart of the Sea,"54,500,000.00",,,,"100,000,000.00",,8701586.0,,17041.0,1023.0,,298,,,,0.87,131,
Our Brand Is Crisis,"7,000,000.00",,,,"28,000,000.00",,4185698.0,,3837.0,691.0,,103,,,,0.83,42,
Pan,"125,800,000.00",,,,"150,000,000.00",,6009342.0,,16049.0,1362.0,,2096,,,,0.9,291,
Steve Jobs,"24,700,000.00",,,,"30,000,000.00",,12697842.0,,34926.0,4677.0,,973,,,,0.7,299,
Strange Magic,"13,600,000.00",,,,"50,000,000.00",,715510.0,,1225.0,168.0,,45,,,,0.67,74,
Victor Frankenstein,"30,700,000.00",,,,"40,000,000.00",,8927415.0,,29210.0,1750.0,,4522,,,,0.86,323,
Jupiter Ascending,,,,,,,5521817.0,,10528.0,840.0,,341,,,,0.85,209,
Gods of Egypt,,,,,,,22838883.0,,63617.0,14577.0,,1236,,,,0.82,313,
The Finest Hours,,,,,,,6934214.0,,7633.0,499.0,,169,,,,0.85,65,
Ben-Hur,,,,,,,6219242.0,,13092.0,6786.0,,438,,,,0.71,304,
47 Ronin,,,,,,,16304222.0,,41071.0,1857.0,,1940,,,,0.85,322,
R.I.P.D.,,,,,,,5815215.0,,23703.0,1094.0,,103,,,,0.72,114,
