Title,Sequel,Domestic Gross,Opening Gross,Budget,YouTube Trailer Views,YouTube Like,YouTube Dislike,YouTube Like:Dislike,Reddit UpVotes,Distributor,Reddit Ratio,Reddit Comments,Date,Opening/Theatre,IMDB Rating,Profitable,Genre,Runtime,MPAA,Comedy,Action/Adventure,Animated,Drama,Rotten
Star Wars: The Force Awakens,1,936627416,960367,245000000,95637425,676939,20252,33.42578511,5400,1,0.82,396,1,5276,8,1,"Action, Adventure, Fantasy, Sci-Fi",136,1,0,1,0,1,0.92
Jurassic World,1,652270625,208806270,150000000,82238859,309496,15735,19.66927232,4796,1,0.84,393,1,48855,7,1,"Action, Adventure, Sci-Fi",124,1,0,1,0,0,0.51
Avengers: Age of Ultron,1,459005868,191271109,250000000,79830731,515620,11312,45.58168317,4438,1,0.83,388,0,44731,8,1,"Action, Adventure, Sci-Fi",141,1,0,1,0,0,0.75
Inside Out,0,356454367,5702603,175000000,16418735,45646,2002,22.8001998,3658,1,0.86,350,1,7887,8,1,"Animation, Adventure, Comedy, Drama, Family, Fantasy",95,0,1,0,1,1,0.98
Furious 7,1,353007020,147187040,190000000,67089895,323755,9617,33.6648643,3064,1,0.82,359,0,36760,7,1,"Action, Crime, Thriller",137,1,0,1,0,0,0.79
Mission: Impossible - Rogue Nation,1,195042377,55520089,150000000,12206339,28291,1121,25.23728814,3718,1,0.83,364,1,14034,7,1,"Action, Adventure, Thriller",131,1,0,1,0,1,0.93
Pitch Perfect 2,1,183436380,70300000,29000000,26177371,142671,4731,30.15662651,2087,0,0.75,296,0,20241,7,1,"Comedy, Music",115,1,1,0,0,0,0.66
The Revenant,0,183635922,515664175,135000000,20182496,48005,1478,32.4797023,5711,1,0.89,379,1,485102,8,1,"Adventure, Drama, Thriller, Western",156,2,0,0,0,1,0.81
Ant-Man,0,180202163,57225526,130000000,22275606,99986,3925,25.47414013,4588,1,0.86,368,1,14840,7,1,"Action, Adventure, Comedy, Sci-Fi",117,1,1,0,0,0,0.81
Fifty Shades of Grey,0,166167230,94395000,40000000,81655642,219176,33108,6.620031412,0,0,0.5,10,0,25890,4,1,"Drama, Romance, Thriller",125,2,0,0,0,1,0.25
Get Hard,0,90353764,33803253,40000000,11720049,28913,1567,18.4511806,309,0,0.83,117,0,10646,6,1,"Comedy, Crime",100,2,1,0,0,0,0.29
Terminator: Genisys,1,89760956,13142747,155000000,28043117,88580,10209,8.676657851,3872,1,0.85,384,1,54085,7,0,"Action, Adventure, Sci-Fi",126,0,0,0,0,1,0.25
Taken 3,1,89256424,17400000,48000000,14884016,52674,1613,32.65592064,2377,0,0.87,329,1,4841,6,1,"Action, Thriller",109,1,0,1,0,0,0.11
Ted 2,1,81257500,33507870,68000000,29623266,132821,7163,18.54264973,2299,1,0.77,285,1,9735,6,1,Comedy,115,2,1,0,0,0,0.46
Pixels,0,78747585,24011616,88000000,20401096,88188,13087,6.738595553,2381,1,0.79,336,1,6449,6,0,"Animation, Action, Comedy, Sci-Fi",106,1,1,0,1,0,0.16
Rock The Kasbah,0,2982281,59021,15000000,1714374,4980,506,9.841897233,27,0,0.74,12,0,293,6,0,"Comedy, Music, War",106,2,1,0,0,0,0.08
The Gunman,0,10640645,5028702,40000000,4126560,4937,439,11.24601367,79,0,0.84,97,0,1785,6,0,"Action, Crime, Drama, Mystery, Thriller",115,2,0,1,0,1,0.17
Blackhat,0,7097125,4415000,70000000,2745075,3084,356,8.662921348,129,0,0.87,161,1,1719,5,0,"Action, Crime, Drama, Mystery, Thriller",133,2,0,1,0,1,0.34
Unfinished Business,0,10214013,4772613,35000000,3061752,2933,252,11.63888889,20,1,0.84,15,0,1718,5,0,Comedy,91,2,1,0,0,0,0.11
Jem & The Holograms,0,2184640,8869,5000000,1959007,11927,16858,0.7074979238,3,0,0.67,10,0,90,4,0,"Adventure, Drama, Fantasy, Music, Romance, Sci-Fi",118,0,0,1,0,0,0.18
Self/Less,0,12276810,5379000,26000000,6339273,17182,430,39.95813953,1354,0,0.93,197,1,2286,7,0,"Action, Mystery, Sci-Fi, Thriller",117,1,0,1,0,1,0.19
American Ultra,0,14434604,55030,28000000,5068797,23267,857,27.14935823,4171,0,0.84,356,1,529,6,0,"Action, Comedy, Sci-Fi, Thriller",96,2,1,1,0,1,0.43
We Are Your Friends,0,3590010,1767308,2000000,14487474,62729,8195,7.654545455,0,0,0.41,3,1,757,6,0,"Drama, Music, Romance",96,2,0,0,0,1,0.4
Aloha,0,20991497,9670235,37000000,9159049,20553,1399,14.69120801,251,1,0.89,144,0,3435,5,0,"Comedy, Drama, Romance",105,1,1,1,0,0,0.19
Mortdecai,0,7605668,4200586,60000000,4172804,8596,469,18.32835821,94,0,0.8,36,1,1586,6,0,"Action, Comedy, Crime, Mystery, Romance",107,2,1,1,0,1,0.12
Child 44,0,1206135,203649,50000000,4804845,10881,750,14.508,97,0,0.88,70,1,399,7,0,"Crime, Drama, Thriller",137,2,0,0,0,1,0.26
Hot Tub Time Machine 2,1,12282677,5963324,14000000,2592191,6207,384,16.1640625,1100,1,0.86,228,1,2070,5,0,"Comedy, Sci-Fi",93,2,1,0,0,0,0.14
In the Heart of the Sea,0,24985612,11053366,100000000,8701586,17041,1023,16.65786901,298,1,0.87,131,1,3562,7,0,"Action, Adventure, Biography, Drama, History, Thriller",122,1,0,0,0,1,0.43
Our Brand Is Crisis,0,6998324,3400000,28000000,4185698,3837,691,5.552821997,103,0,0.83,42,0,1544,6,0,"Comedy, Drama",107,2,1,0,0,1,0.53
Pan,0,34964818,15315435,150000000,6009342,16049,1362,11.78340675,2096,1,0.9,291,0,4357,6,0,"Adventure, Family, Fantasy",111,0,0,1,0,0,0.27
Steve Jobs,0,17750583,521522,30000000,12697842,34926,4677,7.467607441,973,1,0.7,299,0,130380,7,0,"Biography, Drama",122,2,0,0,0,1,0.86
Strange Magic,0,12427046,5504441,65000000,715510,1225,168,7.291666667,45,0,0.67,74,1,1822,6,0,"Animation, Adventure, Comedy, Family, Fantasy, Musical, Romance",99,0,0,0,1,0,0.16
Victor Frankenstein,0,5775076,431125,40000000,8927415,29210,1750,16.69142857,4522,0,0.86,323,0,1028,6,0,"Drama, Horror, Sci-Fi, Thriller",110,1,0,0,0,1,0.24
Jupiter Ascending,0,47387723,18372372,176000000,5521817,10528,840,12.53333333,341,1,0.85,209,1,5775,5,0,"Action, Adventure, Sci-Fi",127,1,0,1,0,0,0.26
Gods of Egypt,0,31153464,14123903,140000000,22838883,63617,14577,4.364203883,1236,0,0.82,313,1,4531,6,0,"Action, Adventure, Fantasy",126,1,0,1,0,0,0.16
The Finest Hours,0,27550735,10288932,80000000,6934214,7633,499,15.29659319,169,1,0.85,65,1,3273,7,0,"Action, Drama, History, Thriller",117,1,0,0,0,1,0.63
Ben-Hur,0,26384681,170815,100000000,6219242,13092,6786,1.929266136,438,0,0.71,304,1,667,6,0,"Action, Adventure, Drama",125,1,0,1,0,0,0.25
47 Ronin,0,38297305,41797680,175000000,16304222,41071,1857,22.11685514,1940,0,0.85,322,1,305092,6,0,"Action, Adventure, Drama, Fantasy",119,1,0,1,0,0,0.14
R.I.P.D.,0,33592415,506521,130000000,5815215,23703,1094,21.66636197,103,1,0.72,114,1,1350,6,0,"Action, Comedy, Fantasy",96,1,1,1,0,0,0.13
Deadpool,0,363024263,145962455,58000000,24044572,236383,3892,60.73561151,4648,1,0.84,374,1,552888,8,1,"Action, Adventure, Comedy, Romance, Sci-Fi",108,2,1,1,0,0,0.84
Suicide Squad,0,325021779,6807299421,175000000,77882036,627892,17713,35.44808897,5358,0,0.83,389,1,8332067,7,1,"Action, Adventure, Fantasy, Sci-Fi",123,0,0,1,0,0,0.26
Trolls,0,46581142,896793,125000000,14910013,23232,4693,4.950351587,11,1,0.64,32,0,2225,7,0,"Animation, Adventure, Comedy, Family, Fantasy, Musical",92,0,1,0,1,0,0.75
Sully,0,123286540,35028301,60000000,11184290,47977,1728,27.76446759,3834,0,0.86,345,0,9937,8,1,"Biography, Drama",96,1,0,0,0,1,0.85
Bad Moms,0,113078694,292362,20000000,12359770,14216,2808,5.062678063,99,0,0.71,112,1,1530,6,1,Comedy,100,2,1,0,0,0,0.59
The Angry Bird Movie,0,107506776,453997,73000000,32219028,115520,14559,7.934610894,612,0,0.69,242,0,907,6,1,"Animation, Action, Adventure, Comedy, Family",97,0,1,1,1,0,0.43
The Jungle Book,1,363995937,1527338,175000000,12209397,28420,1485,19.13804714,85,0,0.83,98,0,2416,8,1,"Adventure, Drama, Family, Fantasy",106,0,0,1,0,1,0.94
Nerve,0,38562379,9445456,20000000,23276050,137497,6516,21.1014426,249,0,0.83,196,1,3721,7,1,"Adventure, Crime, Thriller",96,1,0,1,0,0,0.65
Keanu,0,20566327,9453224,15000000,4509117,34679,720,48.16527778,6019,1,0.88,344,0,3556,6,1,"Action, Comedy",100,2,1,1,0,0,0.76
Captain America: Civil War,1,408060083,2300359,250000000,73618945,637478,13672,46.62653599,4394,1,0.73,390,0,2681,8,1,"Action, Adventure, Sci-Fi",147,1,0,1,0,0,0.9
Zootopia,0,341268248,2806793,150000000,19072965,69079,3827,18.05043115,4188,1,0.85,363,0,4889,8,1,"Animation, Adventure, Comedy, Crime, Family, Mystery",108,0,1,1,1,0,0.98
Everybody Wants Some!!,0,3369431,64316,10000000,1992466,5585,705,7.921985816,266,0,0.84,85,0,502,7,0,Comedy,117,2,1,0,0,0,0.86
The Nice Guys,0,36261763,368984,50000000,6921190,12513,470,26.62340426,5242,0,0.91,309,0,1098,7,0,"Action, Comedy, Crime, Mystery, Thriller",116,2,1,1,0,0,0.92
10 Cloverfield Lane,1,71897215,24702752,15000000,7670036,27464,915,30.01530055,5515,1,0.92,349,0,7284,7,1,"Drama, Horror, Mystery, Sci-Fi, Thriller",104,1,0,0,0,1,0.9
"Hail, Caesar!",0,30080225,11355225,22000000,9911233,20977,1830,11.46284153,5878,0,0.89,354,1,5087,6,1,"Comedy, Mystery",106,1,1,0,0,0,0.85
Moonlight,0,1420907,402075,5000000,1414029,8897,369,24.11111111,528,0,0.9,120,0,100518,9,0,Drama,111,2,0,0,0,1,0.98
Love & Friendship,0,14008906,133513,3000000,544270,991,41,24.17073171,1,0,0.6,1,1,33378,7,1,"Comedy, Drama, Romance",92,0,1,0,0,1,0.98
The Spongebob Movie: Sponge Out of Water,1,162495848,55365012,74000000,6163350,30249,2002,15.10939061,167,1,0.82,111,0,15205,6,1,"Animation, Adventure, Comedy, Family, Fantasy",92,0,0,0,1,0,0.8
Straight Outta Compton,0,160902085,56100000,28000000,6403210,19005,454,41.86123348,3613,1,0.85,310,1,20348,8,1,"Biography, Crime, Drama, History, Music",147,2,0,0,0,1,0.87
San Andreas,0,155181732,54588173,110000000,14347550,39138,2410,16.23983402,408,0,0.79,247,0,14452,6,1,"Action, Adventure, Drama, Thriller",114,1,0,1,0,1,0.48
Mad Max: Fury Road,1,153636354,44440000,150000000,24245844,78946,4314,18.29995364,4930,1,0.91,357,0,12004,8,0,"Action, Adventure, Sci-Fi, Thriller",120,2,0,1,0,0,0.97
Kingsman: The Secret Service,0,128248205,42000000,81000000,13687090,37234,1313,28.35795887,487,1,0.9,113,1,13108,8,1,"Action, Adventure, Comedy, Crime, Thriller",129,2,0,1,0,0,0.74
Finding Dory,1,485885200,3035850,200000000,8253043,74374,1549,48.01420271,2744,1,0.87,260,1,3852,8,1,"Animation, Adventure, Comedy, Family",97,0,1,1,0,0,0.94
Midnight Special,0,3707794,190012,18000000,2901012,6133,334,18.36227545,576,0,0.91,106,1,38002,7,0,"Adventure, Drama, Mystery, Sci-Fi, Thriller",112,1,0,1,0,1,0.84
Batman v Superman: Dawn of Justice,1,330249062,371714971,250000000,68107445,432916,16957,25.53022351,4149,1,0.79,389,0,519881,7,1,"Action, Adventure, Sci-Fi",151,0,0,1,0,0,0.27
Ghostbusters,1,128344089,463698,144000000,41933884,295623,1026332,0.288038374,2258,1,0.64,375,1,1288,5,0,"Action, Comedy, Fantasy, Sci-Fi",116,1,1,1,0,0,0.72
The BFG,0,55483770,19584969,140000000,7595446,27844,1909,14.58564694,5121,0,0.89,348,1,5834,7,0,"Adventure, Family, Fantasy",117,0,0,1,0,0,0.75
Star Trek Beyond,1,158804470,435929,185000000,17697135,66318,26680,2.485682159,4628,1,0.81,385,1,1123,7,0,"Action, Adventure, Sci-Fi, Thriller",122,1,0,1,0,0,0.84
War Dogs,0,43017433,503355,40000000,9282869,21259,1056,20.13162879,204,0,0.83,90,0,1906,7,0,"Comedy, Crime, Drama, War",114,2,1,1,0,1,0.59
TomorrowLand,0,93417865,32972000,190000000,6669080,13496,975,13.84205128,4611,1,0.92,331,0,8301,7,0,"Action, Adventure, Family, Mystery, Sci-Fi",130,0,0,1,0,0,0.5
Minions,1,336045770,115200000,74000000,27990354,75417,4057,18.58935174,139,1,0.8,52,1,26784,6,1,"Animation, Action, Adventure, Comedy, Family",91,0,1,0,1,0,0.56
The Hunger Games: Mockingjay - Part 2,1,281666058,6265295,160000000,20916846,137343,3875,35.44335484,1095,0,0.81,246,0,2546,7,1,"Action, Adventure, Sci-Fi, Thriller",137,1,0,1,0,1,0.7
The Martian,0,228430993,35403478,108000000,13967162,41163,1312,31.3742378,7424,1,0.91,357,0,234460,8,1,"Adventure, Drama, Sci-Fi",144,1,0,0,0,1,0.92
Spectre,1,200074175,65402153,245000000,13519726,28888,1303,22.17037606,5150,0,0.9,370,0,223979,7,0,"Action, Adventure, Thriller",148,1,0,1,0,1,0.65